0,2.0178,0.5987,0,0,0,0
0.1,1.2213,0.003556,0.1668,0.049492,0,0
0.2,0.056103,-1.3513,0.2014,0.11918,0,0
0.3,0.73153,-0.80653,0.14555,0.042145,0,0
0.4,-1.0584,-1.1113,0.14777,0.036891,0,0
0.5,2.8872,-1.6538,-0.00082299,0.012247,0,0
0.6,1.1274,-3.1518,0.24231,-0.13513,0,0
0.7,3.9488,-0.91104,0.17064,-0.12372,0,0
0.8,1.1361,-3.3578,0.37153,0.016092,0,0
0.9,2.1991,-1.1587,0.28648,-0.029087,0,0
1,-2.2263,-2.4136,0.31656,0.088638,0,0
1.1,-1.3056,1.1984,0.0048187,0.025192,0,0
1.2,1.5373,1.6991,-0.09717,0.10662,0,0
1.3,-1.2587,-1.2372,0.11336,0.094677,0,0
1.4,1.0123,1.2023,-0.015612,-0.010893,0,0
1.5,-0.82788,-0.76696,0.072217,0.087181,0,0
1.6,-0.23913,-1.1532,-0.0032128,-0.00053111,0,0
1.7,-1.9901,-0.27124,-0.021563,-0.097544,0,0
1.8,-2.4014,2.4614,-0.20763,-0.05359,0,0
1.9,0.83607,3.9727,-0.32088,0.056873,0,0
2,-0.72958,2.8544,-0.073804,0.12606,0,0
2.1,-2.3315,3.5973,-0.055826,0.209,0,0
2.2,-2.8156,4.2413,-0.15176,0.29668,0,0
2.3,-0.13642,4.5067,-0.21114,0.30168,0,0
2.4,-1.2741,2.393,-0.017936,0.28521,0,0
2.5,-0.092337,0.95605,-0.020056,0.2354,0,0
2.6,0.38098,-1.0575,0.060097,0.10657,0,0
2.7,1.6207,-1.8414,0.097023,-0.0292,0,0
2.8,1.4126,-3.9277,0.17322,-0.093118,0,0
2.9,-1.0717,-1.7936,0.17328,-0.22627,0,0
3,0.78899,0.51806,-0.076078,-0.07289,0,0
3.1,2.0349,-1.0977,0.0027777,-0.020121,0,0
3.2,1.9575,-2.6179,0.16296,-0.092391,0,0
3.3,-3.1925,-2.136,0.21341,-0.12465,0,0
3.4,-0.64115,1.8387,-0.19757,-0.05705,0,0
3.5,-0.94802,2.4449,-0.17144,0.011448,0,0
3.6,-0.13408,1.4714,-0.16099,0.090718,0,0
3.7,-1.1334,0.011223,-0.062226,0.030893,0,0
3.8,-0.093739,0.10585,-0.11484,-0.03487,0,0
3.9,2.9212,-2.7166,-0.077159,-0.073243,0,0
4,2.9781,-4.8185,0.17838,-0.2883,0,0
4.1,2.2672,-3.3833,0.24076,-0.33034,0,0
4.2,-0.48958,-2.6421,0.19954,-0.17772,0,0
4.3,0.34958,-0.71444,0.0013302,-0.11726,0,0
4.4,0.55177,-0.55456,-0.009204,-0.078506,0,0
4.5,-0.67273,0.24671,0.015015,-0.065538,0,0
4.6,-0.79848,0.24098,-0.069716,0.018964,0,0
4.7,0.62104,0.079825,-0.094874,-0.022897,0,0
4.8,2.9306,-0.90192,-0.0040488,-0.060113,0,0
4.9,-3.4423,-2.8417,0.22034,-0.087656,0,0
5,-1.8896,0.41677,-0.2025,-0.10439,0,0
5.1,1.8292,0.97484,-0.29278,-0.11756,0,0
5.2,1.4707,1.2288,-0.035225,-0.13342,0,0
5.3,-0.57122,-0.88089,0.059708,0.055159,0,0
5.4,0.81471,-2.392,0.0011109,-0.023773,0,0
5.5,-0.76903,-0.2963,0.060049,-0.20112,0,0
5.6,-1.8903,2.2905,-0.099814,-0.019643,0,0
5.7,-0.35561,2.4324,-0.21307,0.11993,0,0
5.8,2.1079,0.59616,-0.097124,0.08096,0,0
5.9,1.6059,-0.19057,0.15207,-0.00091567,0,0
6,-0.79981,0.13048,0.20909,0.084658,0,0
6.1,1.0129,-0.91626,0.067259,0.16374,0,0
6.2,-0.074625,-1.0276,0.17178,-0.0028822,0,0
6.3,-1.2116,1.1263,0.079454,0.028153,0,0
6.4,-1.4746,2.9773,-0.050805,0.15053,0,0
6.5,-2.2115,1.2441,-0.097728,0.23862,0,0
6.6,-0.98688,0.76212,-0.15317,0.079573,0,0
6.7,0.80674,2.6998,-0.13247,-0.024502,0,0
6.8,-2.3845,0.62031,-0.0081754,0.13133,0,0
6.9,0.018807,2.858,-0.15781,0.068637,0,0
7,1.2767,0.0092065,-0.055284,0.1438,0,0
7.1,0.55374,-1.4105,0.12522,-0.010875,0,0
7.2,1.5712,-0.77105,0.10529,-0.035676,0,0
7.3,0.25269,-2.142,0.17115,-0.00029077,0,0
7.4,3.966,-2.1945,0.10705,-0.063929,0,0
7.5,2.8088,-4.0654,0.36067,-0.12169,0,0
7.6,-1.9201,-3.7561,0.37373,-0.11864,0,0
7.7,0.37702,-0.15097,-0.0095991,-0.08391,0,0
7.8,-3.0007,-0.13066,-0.0014174,-0.033372,0,0
7.9,1.3314,2.1277,-0.2598,-0.017523,0,0
8,0.62596,-0.4886,-0.026676,0.0010384,0,0
8.1,1.4162,-1.9936,0.038645,-0.057853,0,0
8.2,2.3461,-0.53693,0.11742,-0.14927,0,0
8.3,3.4132,-0.91154,0.20376,0.0073928,0,0
8.4,-0.022478,-1.6203,0.3873,0.060684,0,0
8.5,-0.34204,-0.46422,0.21341,0.13271,0,0
8.6,0.80983,-1.0527,0.12317,0.12576,0,0
8.7,1.97,-0.59689,0.17061,0.016233,0,0
8.8,-1.6886,-1.6625,0.25421,0.066299,0,0
8.9,-1.1005,-1.6464,0.010453,0.042174,0,0
9,0.41309,-0.63482,-0.071757,-0.12188,0,0
9.1,-3.9008,1.2876,-0.042319,-0.12106,0,0
9.2,1.0093,2.5714,-0.38383,0.057469,0,0
9.3,-1.8344,-0.81857,-0.091008,-0.031305,0,0
9.4,2.1153,1.1085,-0.20786,-0.13328,0,0
9.5,-1.0344,0.17066,0.026032,-0.068931,0,0
9.6,0.83165,0.39478,-0.095183,0.019375,0,0
9.7,1.5832,0.081709,0.027184,-0.026955,0,0
9.8,-0.1138,-2.9549,0.13566,0.02006,0,0
9.9,1.7097,-1.203,0.065601,-0.15108,0,0
10,-22.126,-0.97687,0.12445,-0.082252,-5.6208,0.25818
10.1,-25.06,17.198,-1.7936,-0.012712,-5.6208,0.25818
10.2,-31.277,26.341,-2.9798,0.23334,-5.6208,0.25818
10.3,-32.76,33.924,-4.0102,0.24736,-5.6208,0.25818
10.4,-30.126,38.602,-4.6475,0.19523,-5.6208,0.25818
10.5,-33.7,39.24,-4.7682,0.15142,-5.6208,0.25818
10.6,-32.817,43.624,-5.1389,0.11671,-5.6208,0.25818
10.7,-36.672,44.195,-5.2643,0.22793,-5.6208,0.25818
10.8,-35.243,48.066,-5.6094,0.2115,-5.6208,0.25818
10.9,-36.361,48.069,-5.6707,0.30045,-5.6208,0.25818
11,-35.57,50.555,-5.7645,0.27557,-5.6208,0.25818
11.1,-33.96,51.463,-5.7546,0.41471,-5.6208,0.25818
11.2,-34.013,49.418,-5.5706,0.52045,-5.6208,0.25818
11.3,-33.317,47.973,-5.4472,0.49144,-5.6208,0.25818
11.4,-34.676,45.918,-5.3371,0.44854,-5.6208,0.25818
11.5,-33.81,47.361,-5.4081,0.34406,-5.6208,0.25818
11.6,-36.718,46.057,-5.4069,0.39825,-5.6208,0.25818
11.7,-35.724,48.691,-5.6287,0.30066,-5.6208,0.25818
11.8,-33.083,49.484,-5.6907,0.35479,-5.6208,0.25818
11.9,-33.453,48.389,-5.4857,0.38871,-5.6208,0.25818
12,-34.286,47.295,-5.4017,0.43972,-5.6208,0.25818
12.1,-37.121,44.111,-5.4113,0.41364,-5.6208,0.25818
12.2,-33.797,47.289,-5.6592,0.13953,-5.6208,0.25818
12.3,-33.771,47.914,-5.6,0.19076,-5.6208,0.25818
12.4,-35.449,46.613,-5.551,0.29046,-5.6208,0.25818
12.5,-34.172,48.327,-5.6321,0.23257,-5.6208,0.25818
12.6,-30.455,48.238,-5.5865,0.31066,-5.6208,0.25818
12.7,-35.125,44.802,-5.2305,0.34695,-5.6208,0.25818
12.8,-37.342,47.696,-5.4251,0.30467,-5.6208,0.25818
12.9,-40.179,48.854,-5.7205,0.40785,-5.6208,0.25818
13,-37.243,52.645,-6.0697,0.32615,-5.6208,0.25818
13.1,-37.29,51.66,-6.0301,0.39443,-5.6208,0.25818
13.2,-37.899,50.725,-5.9914,0.35102,-5.6208,0.25818
13.3,-32.203,50.192,-6.0366,0.29183,-5.6208,0.25818
13.4,-32.852,50.293,-5.608,0.20761,-5.6208,0.25818
13.5,-34.209,45.876,-5.4736,0.48476,-5.6208,0.25818
13.6,-33.635,46.95,-5.4263,0.25661,-5.6208,0.25818
13.7,-39.668,46.141,-5.4305,0.33705,-5.6208,0.25818
13.8,-32.498,49.789,-5.9047,0.28142,-5.6208,0.25818
13.9,-34.612,48.616,-5.5695,0.25964,-5.6208,0.25818
14,-36.733,48.53,-5.5824,0.38069,-5.6208,0.25818
14.1,-39.032,49.139,-5.7243,0.38597,-5.6208,0.25818
14.2,-35.671,50.501,-5.9841,0.34337,-5.6208,0.25818
14.3,-31.678,49.955,-5.8512,0.27682,-5.6208,0.25818
14.4,-34.035,46.374,-5.4762,0.30802,-5.6208,0.25818
14.5,-33.023,46.434,-5.4717,0.26543,-5.6208,0.25818
14.6,-34.666,45.851,-5.3999,0.26592,-5.6208,0.25818
14.7,-32.758,46.022,-5.4994,0.26536,-5.6208,0.25818
14.8,-36.767,44.935,-5.3919,0.21358,-5.6208,0.25818
14.9,-32.928,48.643,-5.6864,0.18581,-5.6208,0.25818
15,-33.796,46.483,-5.5265,0.2928,-5.6208,0.25818
15.1,-34.721,46.647,-5.4824,0.23848,-5.6208,0.25818
15.2,-34.335,45.601,-5.5546,0.27184,-5.6208,0.25818
15.3,-31.398,45.927,-5.548,0.14336,-5.6208,0.25818
15.4,-33.726,44.896,-5.3444,0.15244,-5.6208,0.25818
15.5,-32.619,47.077,-5.4312,0.2034,-5.6208,0.25818
15.6,-36.807,45.679,-5.3666,0.33512,-5.6208,0.25818
15.7,-32.849,46.891,-5.6367,0.28513,-5.6208,0.25818
15.8,-31.052,47.219,-5.4621,0.19801,-5.6208,0.25818
15.9,-35.306,44.178,-5.2543,0.32551,-5.6208,0.25818
16,-36.087,47.608,-5.4592,0.23361,-5.6208,0.25818
16.1,-36.925,48.137,-5.6573,0.36577,-5.6208,0.25818
16.2,-34.057,46.85,-5.7828,0.30135,-5.6208,0.25818
16.3,-35.461,45.785,-5.6303,0.10082,-5.6208,0.25818
16.4,-34.438,46.779,-5.7358,0.078869,-5.6208,0.25818
16.5,-36.693,47.854,-5.7116,0.087465,-5.6208,0.25818
16.6,-33.239,49.322,-5.8831,0.19377,-5.6208,0.25818
16.7,-35.978,47.485,-5.6487,0.22017,-5.6208,0.25818
16.8,-33.377,48.309,-5.7483,0.22786,-5.6208,0.25818
16.9,-33.253,48.872,-5.581,0.23152,-5.6208,0.25818
17,-35.298,46.657,-5.4852,0.38935,-5.6208,0.25818
17.1,-34.257,49.478,-5.5538,0.29694,-5.6208,0.25818
17.2,-35.982,46.555,-5.5329,0.46873,-5.6208,0.25818
17.3,-35.42,46.745,-5.6081,0.2707,-5.6208,0.25818
17.4,-32.634,48.02,-5.6651,0.20232,-5.6208,0.25818
17.5,-34.416,45.073,-5.4861,0.25819,-5.6208,0.25818
17.6,-36.005,45.636,-5.5247,0.14266,-5.6208,0.25818
17.7,-31.772,48.138,-5.7137,0.14366,-5.6208,0.25818
17.8,-36.119,46.545,-5.4587,0.22564,-5.6208,0.25818
17.9,-34.183,47.312,-5.6624,0.27679,-5.6208,0.25818
18,-35.98,47.354,-5.5881,0.21437,-5.6208,0.25818
18.1,-35.487,49.08,-5.7198,0.25614,-5.6208,0.25818
18.2,-34.534,47.368,-5.7317,0.31899,-5.6208,0.25818
18.3,-32.663,46.811,-5.6381,0.18045,-5.6208,0.25818
18.4,-34.727,43.911,-5.4821,0.17232,-5.6208,0.25818
18.5,-33.192,46.13,-5.5767,0.0344,-5.6208,0.25818
18.6,-34.478,47.288,-5.5432,0.13127,-5.6208,0.25818
18.7,-34.719,47.027,-5.6005,0.266,-5.6208,0.25818
18.8,-36.678,47.94,-5.6049,0.22983,-5.6208,0.25818
18.9,-35.458,50.607,-5.7809,0.2962,-5.6208,0.25818
19,-33.048,50.332,-5.7468,0.41182,-5.6208,0.25818
19.1,-36.644,46.121,-5.4921,0.43165,-5.6208,0.25818
19.2,-37.067,46.302,-5.6545,0.25536,-5.6208,0.25818
19.3,-31.946,49.668,-5.8296,0.1324,-5.6208,0.25818
19.4,-32.628,45.7,-5.5352,0.27352,-5.6208,0.25818
19.5,-32.573,44.834,-5.3966,0.16464,-5.6208,0.25818
19.6,-36.395,44.131,-5.3581,0.16591,-5.6208,0.25818
19.7,-31.633,47.32,-5.6543,0.13344,-5.6208,0.25818
19.8,-35.142,46.419,-5.4206,0.19554,-5.6208,0.25818
19.9,-36.87,46.663,-5.5724,0.28633,-5.6208,0.25818
20,-49.865,45.065,-5.7617,0.2219,-9.0591,-0.79032
20.1,-49.338,50.189,-6.9527,-0.046576,-9.0591,-0.79032
20.2,-48.474,54.769,-7.5982,-0.45715,-9.0591,-0.79032
20.3,-49.532,58.247,-7.9878,-0.57656,-9.0591,-0.79032
20.4,-51.046,58.673,-8.3112,-0.56745,-9.0591,-0.79032
20.5,-47.329,60.656,-8.5963,-0.74447,-9.0591,-0.79032
20.6,-51.133,61.017,-8.4912,-0.79983,-9.0591,-0.79032
20.7,-50.748,62.183,-8.7711,-0.7101,-9.0591,-0.79032
20.8,-52.05,63.293,-8.8506,-0.78326,-9.0591,-0.79032
20.9,-50.526,62.271,-9.0225,-0.75673,-9.0591,-0.79032
21,-53.729,62.243,-8.9744,-0.95036,-9.0591,-0.79032
21.1,-49.833,64.27,-9.2789,-0.95441,-9.0591,-0.79032
21.2,-52.414,65.611,-9.1117,-0.9889,-9.0591,-0.79032
21.3,-51.825,65.447,-9.2522,-0.77342,-9.0591,-0.79032
21.4,-53.108,65.425,-9.2031,-0.84253,-9.0591,-0.79032
21.5,-53.701,65.91,-9.3072,-0.82388,-9.0591,-0.79032
21.6,-54.916,67.936,-9.4025,-0.84941,-9.0591,-0.79032
21.7,-54.044,67.411,-9.5595,-0.74937,-9.0591,-0.79032
21.8,-51.419,67.744,-9.5334,-0.87921,-9.0591,-0.79032
21.9,-50.646,67.221,-9.3462,-0.85699,-9.0591,-0.79032
22,-48.828,65.644,-9.1806,-0.77258,-9.0591,-0.79032
22.1,-49.842,64.096,-8.9189,-0.77881,-9.0591,-0.79032
22.2,-54.764,62.276,-8.8729,-0.7348,-9.0591,-0.79032
22.3,-53.114,64.592,-9.2421,-0.8472,-9.0591,-0.79032
22.4,-51.462,66.446,-9.3289,-0.91936,-9.0591,-0.79032
22.5,-55.789,65.941,-9.26,-0.83602,-9.0591,-0.79032
22.6,-52.618,68.41,-9.5553,-0.81768,-9.0591,-0.79032
22.7,-52.914,67.53,-9.4361,-0.80577,-9.0591,-0.79032
22.8,-51.263,66.801,-9.3964,-0.79758,-9.0591,-0.79032
22.9,-50.422,66.626,-9.2373,-0.83019,-9.0591,-0.79032
23,-49.894,65.213,-9.0984,-0.74512,-9.0591,-0.79032
23.1,-51.477,62.584,-8.9565,-0.75522,-9.0591,-0.79032
23.2,-51.158,65.209,-9.0192,-0.88051,-9.0591,-0.79032
23.3,-48.95,65.358,-9.0659,-0.72671,-9.0591,-0.79032
23.4,-47.894,63.801,-8.856,-0.71859,-9.0591,-0.79032
23.5,-51.392,61.928,-8.6603,-0.70713,-9.0591,-0.79032
23.6,-50.74,61.195,-8.847,-0.73052,-9.0591,-0.79032
23.7,-52.022,61.862,-8.8949,-0.91866,-9.0591,-0.79032
23.8,-50.633,64.149,-9.0873,-0.92779,-9.0591,-0.79032
23.9,-49.585,66.416,-9.0725,-0.86763,-9.0591,-0.79032
24,-52.543,65.23,-8.9584,-0.6599,-9.0591,-0.79032
24.1,-51.578,65.454,-9.0769,-0.64659,-9.0591,-0.79032
24.2,-51.464,65.608,-9.0523,-0.70405,-9.0591,-0.79032
24.3,-52.677,66.176,-9.0496,-0.68504,-9.0591,-0.79032
24.4,-52.924,65.969,-9.1422,-0.63301,-9.0591,-0.79032
24.5,-48.555,65.631,-9.192,-0.70226,-9.0591,-0.79032
24.6,-52.632,61.623,-8.8789,-0.7752,-9.0591,-0.79032
24.7,-51.614,65.441,-9.0822,-0.91206,-9.0591,-0.79032
24.8,-54.115,64.643,-9.1458,-0.75464,-9.0591,-0.79032
24.9,-51.725,66.177,-9.3325,-0.83538,-9.0591,-0.79032
25,-50.676,66.421,-9.2558,-0.8461,-9.0591,-0.79032
25.1,-52.309,63.869,-9.1339,-0.777,-9.0591,-0.79032
25.2,-50.427,65.528,-9.1847,-0.89539,-9.0591,-0.79032
25.3,-52.427,64.198,-9.0938,-0.81234,-9.0591,-0.79032
25.4,-49.02,66.062,-9.1859,-0.84779,-9.0591,-0.79032
25.5,-51.172,65.464,-8.9624,-0.76076,-9.0591,-0.79032
25.6,-50.297,65.372,-8.9988,-0.64728,-9.0591,-0.79032
25.7,-47.637,64.715,-8.9073,-0.65931,-9.0591,-0.79032
25.8,-50.148,62.617,-8.6453,-0.65525,-9.0591,-0.79032
25.9,-48.747,63.208,-8.7195,-0.65465,-9.0591,-0.79032
26,-50.464,60.593,-8.6409,-0.65474,-9.0591,-0.79032
26.1,-50.985,61.853,-8.7432,-0.81895,-9.0591,-0.79032
26.2,-52.376,63.556,-8.8921,-0.81095,-9.0591,-0.79032
26.3,-51.993,65.971,-9.0795,-0.76723,-9.0591,-0.79032
26.4,-49.75,65.975,-9.1278,-0.68398,-9.0591,-0.79032
26.5,-49.816,62.047,-8.9393,-0.70117,-9.0591,-0.79032
26.6,-52.123,63.415,-8.8554,-0.90413,-9.0591,-0.79032
26.7,-51.629,66.22,-9.0709,-0.7708,-9.0591,-0.79032
26.8,-54.044,64.728,-9.0946,-0.65832,-9.0591,-0.79032
26.9,-51.132,66.487,-9.269,-0.7778,-9.0591,-0.79032
27,-49.796,64.556,-9.1557,-0.76843,-9.0591,-0.79032
27.1,-52.095,64.202,-8.985,-0.85151,-9.0591,-0.79032
27.2,-56.183,64.368,-9.1165,-0.78232,-9.0591,-0.79032
27.3,-50.651,67.445,-9.4979,-0.84357,-9.0591,-0.79032
27.4,-45.78,65.571,-9.253,-0.85201,-9.0591,-0.79032
27.5,-49.381,61.558,-8.7297,-0.84652,-9.0591,-0.79032
27.6,-49.919,61.004,-8.7619,-0.83117,-9.0591,-0.79032
27.7,-49.797,60.189,-8.8174,-0.8956,-9.0591,-0.79032
27.8,-48.244,60.685,-8.8567,-1.0109,-9.0591,-0.79032
27.9,-46.13,62.987,-8.7862,-1.0158,-9.0591,-0.79032
28,-47.632,58.804,-8.5775,-0.77978,-9.0591,-0.79032
28.1,-49.825,57.129,-8.5185,-0.94665,-9.0591,-0.79032
28.2,-49.357,60.594,-8.7252,-1.075,-9.0591,-0.79032
28.3,-49.686,59.206,-8.8331,-0.9475,-9.0591,-0.79032
28.4,-51.016,61.219,-8.8726,-1.1115,-9.0591,-0.79032
28.5,-48.346,65.295,-9.0566,-0.99961,-9.0591,-0.79032
28.6,-50.679,62.62,-8.8917,-0.76502,-9.0591,-0.79032
28.7,-48.042,63.832,-8.9238,-0.83641,-9.0591,-0.79032
28.8,-50.984,61.714,-8.7456,-0.76981,-9.0591,-0.79032
28.9,-47.868,61.972,-8.877,-0.81554,-9.0591,-0.79032
29,-53.371,61.124,-8.7008,-0.889,-9.0591,-0.79032
29.1,-47.841,63.349,-9.0911,-0.85531,-9.0591,-0.79032
29.2,-52.811,60.444,-8.8196,-0.92368,-9.0591,-0.79032
29.3,-52.305,62.827,-9.1162,-0.99608,-9.0591,-0.79032
29.4,-50.614,63.996,-9.2478,-1.0078,-9.0591,-0.79032
29.5,-53.112,62.516,-9.1783,-1.0002,-9.0591,-0.79032
29.6,-49.821,64.488,-9.3472,-1.0753,-9.0591,-0.79032
29.7,-49.514,64.846,-9.1851,-1.0369,-9.0591,-0.79032
29.8,-48.506,65.13,-9.0653,-0.89356,-9.0591,-0.79032
29.9,-51.621,63.055,-8.8742,-0.76602,-9.0591,-0.79032
30,0.20359,54.863,-8.9933,-0.78904,3.5773,-2.9921
30.1,11.38,16.673,-4.7767,-1.549,3.5773,-2.9921
30.2,19.768,-7.5842,-1.9789,-2.0492,3.5773,-2.9921
30.3,24.486,-24.98,-0.040831,-2.2909,3.5773,-2.9921
30.4,25.039,-35.719,1.246,-2.4891,3.5773,-2.9921
30.5,31.36,-43.468,1.8748,-2.5602,3.5773,-2.9921
30.6,30.218,-51.155,2.6907,-2.7972,3.5773,-2.9921
30.7,30.326,-52.544,2.9292,-2.9342,3.5773,-2.9921
30.8,30.27,-54.755,3.013,-2.915,3.5773,-2.9921
30.9,34.65,-53.147,3.057,-3.0391,3.5773,-2.9921
31,32.428,-57.233,3.4001,-2.8986,3.5773,-2.9921
31.1,37.805,-57.183,3.4359,-2.985,3.5773,-2.9921
31.2,33.594,-61.221,3.8698,-2.9722,3.5773,-2.9921
31.3,33.621,-60.683,3.7447,-3.0169,3.5773,-2.9921
31.4,34.611,-60.321,3.6691,-3.0629,3.5773,-2.9921
31.5,32.026,-60.996,3.6976,-3.0909,3.5773,-2.9921
31.6,33.337,-59.981,3.489,-3.1327,3.5773,-2.9921
31.7,31.304,-61.044,3.4784,-3.1941,3.5773,-2.9921
31.8,35.894,-57.203,3.2847,-3.2996,3.5773,-2.9921
31.9,34.411,-60.247,3.5317,-3.1284,3.5773,-2.9921
32,32.113,-60.808,3.5901,-3.1871,3.5773,-2.9921
32.1,34.07,-56.511,3.4103,-3.205,3.5773,-2.9921
32.2,32.46,-56.942,3.4755,-2.9718,3.5773,-2.9921
32.3,35.315,-56.713,3.4524,-2.9239,3.5773,-2.9921
32.4,35.705,-59.001,3.6925,-2.9119,3.5773,-2.9921
32.5,34.909,-60.919,3.8498,-2.9402,3.5773,-2.9921
32.6,34.867,-60.555,3.8539,-2.9996,3.5773,-2.9921
32.7,35.27,-60.038,3.8328,-2.9771,3.5773,-2.9921
32.8,32.484,-61.397,3.863,-2.9444,3.5773,-2.9921
32.9,34.382,-62.24,3.6586,-3.0312,3.5773,-2.9921
33,33.992,-60.947,3.6839,-3.251,3.5773,-2.9921
33.1,35.652,-59.282,3.5917,-3.1655,3.5773,-2.9921
33.2,33.719,-61.017,3.7107,-3.074,3.5773,-2.9921
33.3,37.33,-60.465,3.6411,-3.1229,3.5773,-2.9921
33.4,34.912,-60.792,3.8884,-3.1317,3.5773,-2.9921
33.5,36.119,-62.367,3.8102,-2.9967,3.5773,-2.9921
33.6,34.7,-61.717,3.9153,-3.1553,3.5773,-2.9921
33.7,31.544,-61.799,3.7985,-3.0595,3.5773,-2.9921
33.8,34.471,-59.97,3.5104,-3.127,3.5773,-2.9921
33.9,33.847,-59.034,3.5848,-3.178,3.5773,-2.9921
34,31.251,-58.26,3.5539,-3.0602,3.5773,-2.9921
34.1,33.417,-56.09,3.3626,-2.9963,3.5773,-2.9921
34.2,33.441,-57.583,3.4665,-2.9323,3.5773,-2.9921
34.3,32.663,-56.96,3.5419,-2.976,3.5773,-2.9921
34.4,35.225,-56.997,3.5012,-2.8821,3.5773,-2.9921
34.5,31.958,-58.138,3.7235,-2.8959,3.5773,-2.9921
34.6,31.191,-56.145,3.561,-2.8455,3.5773,-2.9921
34.7,32.288,-56.855,3.4322,-2.7795,3.5773,-2.9921
34.8,33.603,-57.257,3.4799,-2.9119,3.5773,-2.9921
34.9,32.312,-57.894,3.5688,-2.9367,3.5773,-2.9921
35,32.581,-56.319,3.4988,-2.9347,3.5773,-2.9921
35.1,30.81,-56.766,3.4863,-2.8505,3.5773,-2.9921
35.2,36.045,-56.201,3.3615,-2.8812,3.5773,-2.9921
35.3,36.808,-60.48,3.7212,-2.9223,3.5773,-2.9921
35.4,31.759,-61.29,3.952,-3.0452,3.5773,-2.9921
35.5,36.812,-59.259,3.6102,-2.9809,3.5773,-2.9921
35.6,32.623,-62.816,3.877,-3.0279,3.5773,-2.9921
35.7,33.696,-60.487,3.6496,-3.1536,3.5773,-2.9921
35.8,34.968,-58.103,3.5822,-3.1333,3.5773,-2.9921
35.9,32.977,-59.622,3.6601,-2.9773,3.5773,-2.9921
36,35.898,-58.651,3.5863,-3.0243,3.5773,-2.9921
36.1,35.98,-61.37,3.775,-3.001,3.5773,-2.9921
36.2,31.702,-63.595,3.8846,-3.0969,3.5773,-2.9921
36.3,32.468,-57.938,3.5545,-3.2249,3.5773,-2.9921
36.4,31.803,-56.656,3.4091,-2.9979,3.5773,-2.9921
36.5,33.545,-55.884,3.3559,-2.9486,3.5773,-2.9921
36.6,32.183,-56.834,3.4894,-2.9115,3.5773,-2.9921
36.7,34.026,-57.607,3.4564,-2.8953,3.5773,-2.9921
36.8,33.812,-58.664,3.5975,-2.9782,3.5773,-2.9921
36.9,31.741,-58.492,3.6235,-2.9866,3.5773,-2.9921
37,33.303,-60.883,3.4626,-2.9567,3.5773,-2.9921
37.1,33.077,-59.823,3.5205,-3.2556,3.5773,-2.9921
37.2,32.81,-59.408,3.4322,-3.1814,3.5773,-2.9921
37.3,36.276,-57.677,3.3901,-3.1927,3.5773,-2.9921
37.4,31.076,-61.255,3.6517,-3.0794,3.5773,-2.9921
37.5,30.332,-59.501,3.3912,-3.1825,3.5773,-2.9921
37.6,34.4,-57.163,3.1642,-3.2277,3.5773,-2.9921
37.7,31.128,-58.369,3.3712,-3.1923,3.5773,-2.9921
37.8,33.095,-56.713,3.2167,-3.149,3.5773,-2.9921
37.9,33.792,-58.129,3.3158,-3.1067,3.5773,-2.9921
38,33.325,-58.943,3.4373,-3.151,3.5773,-2.9921
38.1,32.794,-58.388,3.4453,-3.1455,3.5773,-2.9921
38.2,33.173,-58.447,3.4073,-3.0934,3.5773,-2.9921
38.3,35.734,-56.562,3.4367,-3.1144,3.5773,-2.9921
38.4,32.286,-57.492,3.6562,-2.9428,3.5773,-2.9921
38.5,33.815,-58.232,3.5387,-2.8448,3.5773,-2.9921
38.6,32.371,-60.182,3.6381,-2.9667,3.5773,-2.9921
38.7,34.69,-57.717,3.5286,-3.0832,3.5773,-2.9921
38.8,32.196,-60.196,3.6266,-2.9721,3.5773,-2.9921
38.9,35.759,-60.314,3.5066,-3.093,3.5773,-2.9921
39,34.846,-61.27,3.7007,-3.203,3.5773,-2.9921
39.1,37.136,-60.063,3.6866,-3.1728,3.5773,-2.9921
39.2,34.932,-61.554,3.8788,-3.077,3.5773,-2.9921
39.3,35.687,-61.201,3.8251,-3.0566,3.5773,-2.9921
39.4,36.519,-61.436,3.8673,-3.0594,3.5773,-2.9921
39.5,35.18,-61.921,3.9564,-3.0514,3.5773,-2.9921
39.6,33.552,-60.623,3.8932,-3.0313,3.5773,-2.9921
39.7,33.43,-60.26,3.7334,-2.9622,3.5773,-2.9921
39.8,32.074,-59.692,3.6657,-3.0259,3.5773,-2.9921
39.9,29.882,-59.168,3.4984,-3.0348,3.5773,-2.9921
40,33.478,-78.051,3.2299,-3.1037,3.5859,-8.0991
40.1,41.437,-87.316,3.3691,-4.8542,3.5859,-8.0991
40.2,45.147,-96.847,3.5184,-5.8314,3.5859,-8.0991
40.3,47.726,-100.41,3.5772,-6.69,3.5859,-8.0991
40.4,49.071,-104.72,3.5361,-7.0944,3.5859,-8.0991
40.5,53.492,-105.23,3.4928,-7.5483,3.5859,-8.0991
40.6,53.185,-107.56,3.6864,-7.6977,3.5859,-8.0991
40.7,55.693,-107.05,3.7092,-7.7877,3.5859,-8.0991
40.8,54.556,-110.34,3.8983,-7.7462,3.5859,-8.0991
40.9,56.26,-110.06,3.9132,-7.8858,3.5859,-8.0991
41,51.495,-112.39,4.0155,-7.8771,3.5859,-8.0991
41.1,53.248,-110.49,3.676,-8.0007,3.5859,-8.0991
41.2,55.641,-110.75,3.609,-8.0892,3.5859,-8.0991
41.3,57.692,-110.84,3.7438,-8.1711,3.5859,-8.0991
41.4,51.694,-113.39,3.9542,-8.1036,3.5859,-8.0991
41.5,54.321,-109.41,3.5867,-8.1633,3.5859,-8.0991
41.6,57.277,-108.13,3.5989,-8.0871,3.5859,-8.0991
41.7,54.213,-109.77,3.8746,-7.9601,3.5859,-8.0991
41.8,52.426,-111.38,3.8023,-7.8917,3.5859,-8.0991
41.9,51.375,-109.37,3.6407,-8.0606,3.5859,-8.0991
42,53.183,-107.61,3.4166,-8.0304,3.5859,-8.0991
42.1,54.029,-109.52,3.4631,-8.028,3.5859,-8.0991
42.2,54.456,-109.27,3.5571,-8.1554,3.5859,-8.0991
42.3,53.604,-108.46,3.5978,-8.0939,3.5859,-8.0991
42.4,53.482,-109.3,3.5682,-7.9894,3.5859,-8.0991
42.5,54.853,-110.47,3.5777,-8.0605,3.5859,-8.0991
42.6,55.939,-111.14,3.6724,-8.163,3.5859,-8.0991
42.7,51.899,-110.34,3.776,-8.1741,3.5859,-8.0991
42.8,54.64,-109.4,3.4905,-8.0414,3.5859,-8.0991
42.9,53.039,-107.08,3.617,-8.1291,3.5859,-8.0991
43,53.837,-108.59,3.5195,-7.8688,3.5859,-8.0991
43.1,52.582,-110.31,3.6224,-8.0129,3.5859,-8.0991
43.2,55.97,-109.27,3.5229,-8.1121,3.5859,-8.0991
43.3,55.944,-110.78,3.72,-8.1096,3.5859,-8.0991
43.4,53.001,-113.43,3.818,-8.1031,3.5859,-8.0991
43.5,53.597,-112.02,3.6262,-8.2561,3.5859,-8.0991
43.6,57.505,-108.69,3.5283,-8.2936,3.5859,-8.0991
43.7,55.931,-109.98,3.7895,-8.0892,3.5859,-8.0991
43.8,50.67,-110.93,3.8587,-7.9879,3.5859,-8.0991
43.9,54.227,-105.87,3.4922,-8.0026,3.5859,-8.0991
44,53.536,-107.84,3.5966,-7.8293,3.5859,-8.0991
44.1,51.648,-108.84,3.6494,-7.8934,3.5859,-8.0991
44.2,50.942,-107.18,3.4988,-7.9521,3.5859,-8.0991
44.3,53.332,-108.93,3.3451,-7.9245,3.5859,-8.0991
44.4,51.889,-108.62,3.4744,-8.1666,3.5859,-8.0991
44.5,54.568,-106.71,3.3401,-8.097,3.5859,-8.0991
44.6,53.322,-107.78,3.5169,-8.0156,3.5859,-8.0991
44.7,50.292,-109.99,3.53,-7.9735,3.5859,-8.0991
44.8,54.899,-108.68,3.3,-8.1398,3.5859,-8.0991
44.9,52.629,-110.68,3.51,-8.2124,3.5859,-8.0991
45,53.269,-109.76,3.4041,-8.2519,3.5859,-8.0991
45.1,57.42,-108.69,3.3906,-8.2528,3.5859,-8.0991
45.2,54.052,-112.02,3.7267,-8.1733,3.5859,-8.0991
45.3,54.178,-112.37,3.6439,-8.2123,3.5859,-8.0991
45.4,56.45,-109.48,3.5997,-8.303,3.5859,-8.0991
45.5,56.484,-110.46,3.7353,-8.1091,3.5859,-8.0991
45.6,53.432,-111.32,3.8706,-8.0665,3.5859,-8.0991
45.7,52.708,-110.25,3.7005,-8.041,3.5859,-8.0991
45.8,52.222,-110.14,3.5634,-8.0601,3.5859,-8.0991
45.9,54.737,-109.36,3.4477,-8.1455,3.5859,-8.0991
46,53.778,-111.32,3.5692,-8.1725,3.5859,-8.0991
46.1,55.115,-111.46,3.5421,-8.2586,3.5859,-8.0991
46.2,56.891,-111.54,3.6105,-8.3026,3.5859,-8.0991
46.3,56.889,-113.45,3.7773,-8.2721,3.5859,-8.0991
46.4,53.866,-113.62,3.8713,-8.3143,3.5859,-8.0991
46.5,53.182,-112.43,3.6548,-8.2738,3.5859,-8.0991
46.6,55.805,-109.95,3.5025,-8.3116,3.5859,-8.0991
46.7,55.295,-109.37,3.6302,-8.2137,3.5859,-8.0991
46.8,55.377,-108.24,3.6846,-8.0645,3.5859,-8.0991
46.9,54.083,-109.03,3.7682,-7.9089,3.5859,-8.0991
47,50.674,-110.73,3.7549,-7.8923,3.5859,-8.0991
47.1,51.846,-108.54,3.4718,-8.0384,3.5859,-8.0991
47.2,52.315,-107.6,3.3777,-8.0701,3.5859,-8.0991
47.3,52.722,-107.79,3.3586,-8.0602,3.5859,-8.0991
47.4,53.602,-108.75,3.3858,-8.0868,3.5859,-8.0991
47.5,53.799,-108.83,3.4635,-8.1526,3.5859,-8.0991
47.6,52.749,-109.32,3.4972,-8.119,3.5859,-8.0991
47.7,54.163,-109.87,3.4385,-8.1314,3.5859,-8.0991
47.8,54.475,-113.08,3.5217,-8.2178,3.5859,-8.0991
47.9,54.852,-111.02,3.5608,-8.4434,3.5859,-8.0991
48,53.885,-109.64,3.5371,-8.2861,3.5859,-8.0991
48.1,51.585,-109.94,3.4973,-8.1602,3.5859,-8.0991
48.2,55.624,-108.96,3.3287,-8.1897,3.5859,-8.0991
48.3,56.58,-111.69,3.5679,-8.2254,3.5859,-8.0991
48.4,55.894,-112,3.7556,-8.2988,3.5859,-8.0991
48.5,53.079,-111.75,3.7693,-8.2132,3.5859,-8.0991
48.6,54.945,-109.35,3.5717,-8.1688,3.5859,-8.0991
48.7,51.828,-109.59,3.6411,-8.0935,3.5859,-8.0991
48.8,53.892,-109.89,3.4433,-8.0545,3.5859,-8.0991
48.9,54.942,-107.51,3.5272,-8.2035,3.5859,-8.0991
49,55.269,-108.47,3.6069,-7.9764,3.5859,-8.0991
49.1,55.792,-110.29,3.7492,-7.9638,3.5859,-8.0991
49.2,55.505,-111.94,3.8684,-8.0179,3.5859,-8.0991
49.3,52.415,-113.26,3.8868,-8.0853,3.5859,-8.0991
49.4,56.089,-109.02,3.6184,-8.1935,3.5859,-8.0991
49.5,52.23,-109.51,3.751,-8.0398,3.5859,-8.0991
49.6,51.475,-106.43,3.5497,-7.9657,3.5859,-8.0991
49.7,57.493,-106.29,3.4103,-7.8316,3.5859,-8.0991
49.8,53.2,-111.75,3.8819,-7.8891,3.5859,-8.0991
49.9,53.142,-112.08,3.7457,-8.0383,3.5859,-8.0991
50,75.474,-82.94,3.6229,-8.1817,8.6939,-1.3266
50.1,67.723,-82.56,5.3598,-5.8785,8.6939,-1.3266
50.2,65.677,-82.312,6.3559,-4.2993,8.6939,-1.3266
50.3,62.334,-83.754,7.211,-3.3463,8.6939,-1.3266
50.4,60.805,-82.454,7.6808,-2.7348,8.6939,-1.3266
50.5,58.545,-82.937,7.9933,-2.2107,8.6939,-1.3266
50.6,59.036,-83.29,8.1374,-1.9531,8.6939,-1.3266
50.7,56.889,-85.244,8.3358,-1.8423,8.6939,-1.3266
50.8,60.437,-83.038,8.2948,-1.8534,8.6939,-1.3266
50.9,57.702,-83.982,8.5638,-1.7001,8.6939,-1.3266
51,57.242,-83.236,8.5241,-1.5736,8.6939,-1.3266
51.1,56.153,-83.76,8.5077,-1.5163,8.6939,-1.3266
51.2,57.117,-80.6,8.4285,-1.5606,8.6939,-1.3266
51.3,59.962,-80.46,8.4537,-1.3594,8.6939,-1.3266
51.4,58.415,-83.878,8.768,-1.2963,8.6939,-1.3266
51.5,54.178,-84.978,8.8194,-1.3601,8.6939,-1.3266
51.6,55.963,-80.441,8.474,-1.428,8.6939,-1.3266
51.7,56.064,-79.494,8.425,-1.2932,8.6939,-1.3266
51.8,54.794,-80.59,8.4531,-1.2239,8.6939,-1.3266
51.9,56.077,-79.552,8.3853,-1.2839,8.6939,-1.3266
52,55.498,-80.452,8.4374,-1.2534,8.6939,-1.3266
52.1,58.494,-80.635,8.4258,-1.2881,8.6939,-1.3266
52.2,56.355,-83.708,8.6562,-1.3169,8.6939,-1.3266
52.3,55.427,-82.983,8.586,-1.4235,8.6939,-1.3266
52.4,57.854,-83.182,8.4386,-1.4285,8.6939,-1.3266
52.5,55.736,-85.355,8.5633,-1.5433,8.6939,-1.3266
52.6,58.404,-83.335,8.4131,-1.6603,8.6939,-1.3266
52.7,60.674,-85.008,8.5192,-1.613,8.6939,-1.3266
52.8,59.284,-85.437,8.776,-1.6728,8.6939,-1.3266
52.9,59.901,-86.657,8.7708,-1.5489,8.6939,-1.3266
53,59.373,-87.148,8.8601,-1.6317,8.6939,-1.3266
53.1,58.224,-86.066,8.8342,-1.6276,8.6939,-1.3266
53.2,60.56,-84.271,8.7274,-1.5546,8.6939,-1.3266
53.3,55.38,-87.489,8.8908,-1.4641,8.6939,-1.3266
53.4,63.453,-84.198,8.5749,-1.6064,8.6939,-1.3266
53.5,59.442,-87.837,9.036,-1.568,8.6939,-1.3266
53.6,60.059,-85.708,8.9495,-1.5572,8.6939,-1.3266
53.7,57.698,-85.704,8.9605,-1.4365,8.6939,-1.3266
53.8,56.043,-83.469,8.8108,-1.408,8.6939,-1.3266
53.9,54.016,-83.403,8.6079,-1.3173,8.6939,-1.3266
54,59.671,-79.327,8.3681,-1.4302,8.6939,-1.3266
54.1,54.659,-85.208,8.6774,-1.2715,8.6939,-1.3266
54.2,56.419,-80.836,8.4715,-1.5256,8.6939,-1.3266
54.3,56.67,-81.563,8.4291,-1.3445,8.6939,-1.3266
54.4,55.404,-82.141,8.4885,-1.4011,8.6939,-1.3266
54.5,57.555,-82.932,8.3949,-1.4195,8.6939,-1.3266
54.6,58.066,-82.121,8.5195,-1.5499,8.6939,-1.3266
54.7,56.399,-83.63,8.5815,-1.4231,8.6939,-1.3266
54.8,58.54,-81.277,8.5168,-1.4849,8.6939,-1.3266
54.9,55.566,-84.325,8.6408,-1.3438,8.6939,-1.3266
55,56.557,-81.413,8.5041,-1.4894,8.6939,-1.3266
55.1,58.579,-81.785,8.469,-1.3643,8.6939,-1.3266
55.2,57.919,-82.751,8.6598,-1.3966,8.6939,-1.3266
55.3,58.279,-82.108,8.6907,-1.3558,8.6939,-1.3266
55.4,59.607,-84.453,8.7495,-1.2752,8.6939,-1.3266
55.5,59.051,-86.096,8.9156,-1.4161,8.6939,-1.3266
55.6,58.248,-87.114,8.9068,-1.4665,8.6939,-1.3266
55.7,59.194,-84.705,8.8192,-1.5652,8.6939,-1.3266
55.8,59.295,-83.671,8.8207,-1.4411,8.6939,-1.3266
55.9,54.774,-84.116,8.8709,-1.3331,8.6939,-1.3266
56,56.815,-82.497,8.558,-1.3181,8.6939,-1.3266
56.1,55.336,-81.71,8.5741,-1.3885,8.6939,-1.3266
56.2,57.947,-81.371,8.4367,-1.325,8.6939,-1.3266
56.3,59.108,-82.063,8.6042,-1.3769,8.6939,-1.3266
56.4,59.599,-84.787,8.7675,-1.3323,8.6939,-1.3266
56.5,56.783,-85.242,8.9052,-1.4417,8.6939,-1.3266
56.6,56.923,-82.964,8.7055,-1.4073,8.6939,-1.3266
56.7,59.458,-82.05,8.6279,-1.3451,8.6939,-1.3266
56.8,58.001,-84.942,8.8189,-1.3101,8.6939,-1.3266
56.9,57.424,-82.57,8.8062,-1.4167,8.6939,-1.3266
57,56.889,-83.094,8.7169,-1.2475,8.6939,-1.3266
57.1,57.717,-82.549,8.6836,-1.3205,8.6939,-1.3266
57.2,58.818,-83.187,8.7112,-1.3101,8.6939,-1.3266
57.3,56.981,-82.819,8.8195,-1.3429,8.6939,-1.3266
57.4,55.774,-83.331,8.7115,-1.2465,8.6939,-1.3266
57.5,57.444,-81.209,8.589,-1.3435,8.6939,-1.3266
57.6,57.425,-80.593,8.6333,-1.2659,8.6939,-1.3266
57.7,56.727,-83.102,8.6797,-1.1722,8.6939,-1.3266
57.8,58.627,-84.486,8.6764,-1.3328,8.6939,-1.3266
57.9,62.672,-84.762,8.7787,-1.4772,8.6939,-1.3266
58,60.878,-86.77,9.1168,-1.4574,8.6939,-1.3266
58.1,56.403,-87.319,9.1455,-1.3964,8.6939,-1.3266
58.2,57.334,-84.718,8.8102,-1.4121,8.6939,-1.3266
58.3,54.688,-85.442,8.713,-1.4216,8.6939,-1.3266
58.4,56.292,-82.337,8.4422,-1.5474,8.6939,-1.3266
58.5,59.568,-81.753,8.3967,-1.4917,8.6939,-1.3266
58.6,60.749,-82.656,8.6629,-1.4638,8.6939,-1.3266
58.7,62.029,-84.685,8.904,-1.3575,8.6939,-1.3266
58.8,57.087,-87.663,9.1664,-1.3474,8.6939,-1.3266
58.9,59.713,-83.633,8.8935,-1.4183,8.6939,-1.3266
59,56.792,-83.305,8.9496,-1.2779,8.6939,-1.3266
59.1,59.459,-83.454,8.7829,-1.1893,8.6939,-1.3266
59.2,59.848,-86.108,8.9486,-1.2966,8.6939,-1.3266
59.3,57.877,-86.977,9.0288,-1.425,8.6939,-1.3266
59.4,54.244,-83.948,8.8638,-1.4661,8.6939,-1.3266
59.5,56.895,-81.171,8.4668,-1.3319,8.6939,-1.3266
59.6,55.083,-82.526,8.5302,-1.3416,8.6939,-1.3266
59.7,55.37,-81.75,8.4091,-1.4134,8.6939,-1.3266
59.8,56.475,-80.079,8.3481,-1.4418,8.6939,-1.3266
59.9,54.333,-82.186,8.3993,-1.3489,8.6939,-1.3266
60,16.009,-59.499,8.2787,-1.4731,-2.33,4.1847
60.1,-0.95005,-22.302,5.0088,0.30107,-2.33,4.1847
60.2,-11.711,4.4643,2.5455,1.5211,-2.33,4.1847
60.3,-17.083,24.775,0.81773,2.3161,-2.33,4.1847
60.4,-24.513,38.708,-0.23419,2.9903,-2.33,4.1847
60.5,-23.864,47.679,-1.1557,3.5633,-2.33,4.1847
60.6,-28.395,50.519,-1.3769,3.7948,-2.33,4.1847
60.7,-27.919,55.92,-1.7865,3.9234,-2.33,4.1847
60.8,-29.952,58.419,-1.911,4.1213,-2.33,4.1847
60.9,-33.361,58.936,-2.0764,4.2799,-2.33,4.1847
61,-32.724,62.147,-2.3891,4.2407,-2.33,4.1847
61.1,-31.279,62.372,-2.5071,4.2926,-2.33,4.1847
61.2,-29.601,63.323,-2.4298,4.2421,-2.33,4.1847
61.3,-30.707,62.173,-2.2689,4.3631,-2.33,4.1847
61.4,-30.063,61.554,-2.2392,4.3954,-2.33,4.1847
61.5,-32.705,61.037,-2.1603,4.3695,-2.33,4.1847
61.6,-28.931,62.085,-2.3476,4.3744,-2.33,4.1847
61.7,-27.207,59.341,-2.1283,4.3381,-2.33,4.1847
61.8,-28.137,56.743,-1.8874,4.2499,-2.33,4.1847
61.9,-32.265,55.606,-1.8719,4.1792,-2.33,4.1847
62,-29.369,58.753,-2.2288,4.0832,-2.33,4.1847
62.1,-29.466,59.469,-2.201,4.0907,-2.33,4.1847
62.2,-31.273,59.455,-2.1925,4.1696,-2.33,4.1847
62.3,-30.844,60.177,-2.3115,4.1877,-2.33,4.1847
62.4,-31.826,59.488,-2.33,4.1719,-2.33,4.1847
62.5,-30.2,59.912,-2.4257,4.0999,-2.33,4.1847
62.6,-30.11,60.225,-2.3634,4.0592,-2.33,4.1847
62.7,-29.223,62.001,-2.338,4.1192,-2.33,4.1847
62.8,-30.798,59.98,-2.2321,4.2932,-2.33,4.1847
62.9,-30.732,60.864,-2.2513,4.2264,-2.33,4.1847
63,-30.522,60.5,-2.2777,4.2751,-2.33,4.1847
63.1,-31.542,60.936,-2.2575,4.236,-2.33,4.1847
63.2,-34.27,62.312,-2.3445,4.2787,-2.33,4.1847
63.3,-30.973,62.549,-2.5998,4.3423,-2.33,4.1847
63.4,-31.615,59.83,-2.4348,4.2041,-2.33,4.1847
63.5,-30.228,60.51,-2.4505,4.0644,-2.33,4.1847
63.6,-29.04,59.594,-2.39,4.086,-2.33,4.1847
63.7,-31.113,60.421,-2.2541,4.0541,-2.33,4.1847
63.8,-32.946,63.181,-2.3675,4.2068,-2.33,4.1847
63.9,-35.523,65.038,-2.5257,4.3864,-2.33,4.1847
64,-34.389,66.311,-2.7591,4.4665,-2.33,4.1847
64.1,-30.565,66.132,-2.7565,4.4312,-2.33,4.1847
64.2,-31.795,62.192,-2.4507,4.412,-2.33,4.1847
64.3,-30.12,61.385,-2.4046,4.2852,-2.33,4.1847
64.4,-28.064,61.034,-2.2849,4.227,-2.33,4.1847
64.5,-31.461,58.526,-2.0738,4.2671,-2.33,4.1847
64.6,-29.423,59.239,-2.235,4.2063,-2.33,4.1847
64.7,-27.264,57.269,-2.1679,4.1481,-2.33,4.1847
64.8,-31.553,56.874,-1.9748,4.0196,-2.33,4.1847
64.9,-32.189,60.126,-2.2745,4.0923,-2.33,4.1847
65,-31.469,62.375,-2.4541,4.1755,-2.33,4.1847
65.1,-30.956,61.287,-2.4576,4.2571,-2.33,4.1847
65.2,-32.507,61.803,-2.39,4.179,-2.33,4.1847
65.3,-32.678,62.561,-2.51,4.2529,-2.33,4.1847
65.4,-35.546,61.462,-2.5601,4.2489,-2.33,4.1847
65.5,-34.442,64.389,-2.8237,4.1243,-2.33,4.1847
65.6,-31.657,65.166,-2.9066,4.1702,-2.33,4.1847
65.7,-28.601,64.286,-2.703,4.1877,-2.33,4.1847
65.8,-32.145,62.043,-2.3419,4.2526,-2.33,4.1847
65.9,-27.9,63.19,-2.4315,4.3172,-2.33,4.1847
66,-31.582,59.743,-2.1043,4.364,-2.33,4.1847
66.1,-32.749,60.398,-2.2284,4.3035,-2.33,4.1847
66.2,-29.801,61.952,-2.4073,4.2652,-2.33,4.1847
66.3,-33.157,63.539,-2.2665,4.2687,-2.33,4.1847
66.4,-28.522,63.027,-2.4718,4.4935,-2.33,4.1847
66.5,-32.334,60.333,-2.1177,4.3544,-2.33,4.1847
66.6,-31.708,62.726,-2.3004,4.3418,-2.33,4.1847
66.7,-31.711,60.858,-2.3449,4.4166,-2.33,4.1847
66.8,-33.483,61.481,-2.3429,4.2456,-2.33,4.1847
66.9,-30.133,62.95,-2.5449,4.2689,-2.33,4.1847
67,-31.564,61.728,-2.3621,4.2608,-2.33,4.1847
67.1,-27.494,62.015,-2.3909,4.2793,-2.33,4.1847
67.2,-32.606,60.359,-2.0629,4.2871,-2.33,4.1847
67.3,-31.431,60.487,-2.3175,4.3685,-2.33,4.1847
67.4,-32.841,62.029,-2.3218,4.2248,-2.33,4.1847
67.5,-32.883,62.839,-2.488,4.3246,-2.33,4.1847
67.6,-31.947,66.266,-2.5423,4.2989,-2.33,4.1847
67.7,-32.968,65.55,-2.5008,4.5418,-2.33,4.1847
67.8,-34.186,64.326,-2.484,4.5521,-2.33,4.1847
67.9,-31.633,63.978,-2.5727,4.4639,-2.33,4.1847
68,-26.993,62.379,-2.4356,4.3612,-2.33,4.1847
68.1,-31.228,57.621,-2.0169,4.3019,-2.33,4.1847
68.2,-30.47,59.545,-2.1755,4.1751,-2.33,4.1847
68.3,-33.613,59.219,-2.2348,4.2073,-2.33,4.1847
68.4,-28.716,63.264,-2.5138,4.1468,-2.33,4.1847
68.5,-32.014,60.404,-2.2696,4.2862,-2.33,4.1847
68.6,-32.809,60.214,-2.3731,4.2354,-2.33,4.1847
68.7,-33.326,61.721,-2.5077,4.1424,-2.33,4.1847
68.8,-29.804,62.584,-2.6491,4.1619,-2.33,4.1847
68.9,-30.306,59.77,-2.4227,4.143,-2.33,4.1847
69,-33.843,59.33,-2.3564,4.0569,-2.33,4.1847
69.1,-27.904,61.989,-2.6439,4.0494,-2.33,4.1847
69.2,-31.241,59.048,-2.3003,4.0779,-2.33,4.1847
69.3,-31.735,61.357,-2.3935,4.0669,-2.33,4.1847
69.4,-32.097,62.082,-2.485,4.1942,-2.33,4.1847
69.5,-30.553,60.746,-2.5189,4.2157,-2.33,4.1847
69.6,-31.827,62.223,-2.4012,4.0866,-2.33,4.1847
69.7,-30.691,63.221,-2.49,4.2641,-2.33,4.1847
69.8,-29.905,60.415,-2.3821,4.3187,-2.33,4.1847
69.9,-29.662,59.019,-2.2446,4.1675,-2.33,4.1847
70,-18.268,11.251,-2.2053,4.1168,0.38833,-7.6806
70.1,-0.87944,-19.369,-1.2603,0.18524,0.38833,-7.6806
70.2,10.945,-40.727,-0.64665,-2.4025,0.38833,-7.6806
70.3,14.899,-53.899,-0.21555,-4.2109,0.38833,-7.6806
70.4,21.717,-61.661,-0.26937,-5.3281,0.38833,-7.6806
70.5,25.752,-65.761,-0.10228,-6.199,0.38833,-7.6806
70.6,30.224,-69.543,0.027512,-6.5784,0.38833,-7.6806
70.7,26.845,-75.928,0.33716,-6.871,0.38833,-7.6806
70.8,30.661,-74.78,0.11708,-7.2447,0.38833,-7.6806
70.9,30.575,-76.102,0.19805,-7.3602,0.38833,-7.6806
71,32.14,-77.172,0.19363,-7.4359,0.38833,-7.6806
71.1,33.427,-79.265,0.29573,-7.5404,0.38833,-7.6806
71.2,34.458,-80.639,0.41904,-7.664,0.38833,-7.6806
71.3,32.246,-79.832,0.52547,-7.7174,0.38833,-7.6806
71.4,31.508,-80.479,0.37859,-7.5896,0.38833,-7.6806
71.5,31.285,-79.585,0.28588,-7.7181,0.38833,-7.6806
71.6,34.617,-78.527,0.17817,-7.7278,0.38833,-7.6806
71.7,33.098,-80.133,0.39612,-7.7132,0.38833,-7.6806
71.8,31.695,-81.102,0.38526,-7.6993,0.38833,-7.6806
71.9,36.615,-80.461,0.2684,-7.7842,0.38833,-7.6806
72,33.796,-80.358,0.58814,-7.8232,0.38833,-7.6806
72.1,33.026,-79.71,0.50336,-7.61,0.38833,-7.6806
72.2,31.623,-80.544,0.46752,-7.5755,0.38833,-7.6806
72.3,31.982,-79.591,0.34484,-7.6622,0.38833,-7.6806
72.4,34.072,-81.677,0.28404,-7.6796,0.38833,-7.6806
72.5,31.782,-82.203,0.42039,-7.8953,0.38833,-7.6806
72.6,35.805,-78.233,0.22851,-7.8859,0.38833,-7.6806
72.7,34.14,-80.862,0.4674,-7.6831,0.38833,-7.6806
72.8,32.17,-81.284,0.51732,-7.7072,0.38833,-7.6806
72.9,32.964,-80.584,0.37163,-7.7133,0.38833,-7.6806
73,31.957,-80.357,0.36177,-7.7528,0.38833,-7.6806
73.1,34.863,-79.022,0.26051,-7.7474,0.38833,-7.6806
73.2,34.377,-80.449,0.4515,-7.7031,0.38833,-7.6806
73.3,32.2,-81.811,0.52222,-7.6871,0.38833,-7.6806
73.4,33.025,-80.823,0.3832,-7.7501,0.38833,-7.6806
73.5,35.266,-80.793,0.36047,-7.7713,0.38833,-7.6806
73.6,33.077,-83.295,0.52729,-7.7876,0.38833,-7.6806
73.7,33.566,-81.217,0.42502,-7.8869,0.38833,-7.6806
73.8,33.067,-78.53,0.38105,-7.8,0.38833,-7.6806
73.9,30.427,-78.559,0.34637,-7.5918,0.38833,-7.6806
74,31.667,-77.229,0.17954,-7.5811,0.38833,-7.6806
74.1,35.287,-77.984,0.20148,-7.5796,0.38833,-7.6806
74.2,30.338,-78.419,0.5123,-7.6273,0.38833,-7.6806
74.3,33.661,-75.548,0.24405,-7.4659,0.38833,-7.6806
74.4,34.031,-76.9,0.43694,-7.378,0.38833,-7.6806
74.5,29.436,-79.961,0.5938,-7.347,0.38833,-7.6806
74.6,33.602,-78.941,0.3032,-7.4909,0.38833,-7.6806
74.7,31.606,-81.101,0.45354,-7.6237,0.38833,-7.6806
74.8,34.56,-80.927,0.32041,-7.7258,0.38833,-7.6806
74.9,32.636,-82.492,0.46374,-7.8172,0.38833,-7.6806
75,34.927,-79.804,0.34674,-7.8676,0.38833,-7.6806
75.1,34.48,-80.213,0.46045,-7.7316,0.38833,-7.6806
75.2,34.355,-81.763,0.52583,-7.6666,0.38833,-7.6806
75.3,31.214,-80.11,0.56997,-7.7402,0.38833,-7.6806
75.4,30.491,-78.716,0.30816,-7.5871,0.38833,-7.6806
75.5,34.72,-76.916,0.16709,-7.6185,0.38833,-7.6806
75.6,32.514,-79.67,0.43524,-7.5685,0.38833,-7.6806
75.7,28.716,-78.346,0.40459,-7.61,0.38833,-7.6806
75.8,30.441,-76.715,0.06134,-7.5281,0.38833,-7.6806
75.9,31.991,-77.595,0.05808,-7.606,0.38833,-7.6806
76,30.641,-80.067,0.15882,-7.6945,0.38833,-7.6806
76.1,35.621,-77.745,0.06874,-7.8476,0.38833,-7.6806
76.2,33.731,-79.932,0.38442,-7.7417,0.38833,-7.6806
76.3,32.926,-80.395,0.42225,-7.6954,0.38833,-7.6806
76.4,32.948,-78.674,0.39009,-7.7006,0.38833,-7.6806
76.5,30.111,-79.098,0.37397,-7.5805,0.38833,-7.6806
76.6,33.14,-78.677,0.17105,-7.6054,0.38833,-7.6806
76.7,31.995,-79.792,0.31091,-7.7091,0.38833,-7.6806
76.8,33.494,-79.399,0.25249,-7.7268,0.38833,-7.6806
76.9,34.942,-79.491,0.3411,-7.736,0.38833,-7.6806
77,31.044,-79.12,0.50239,-7.6866,0.38833,-7.6806
77.1,33.04,-79.811,0.27786,-7.5407,0.38833,-7.6806
77.2,32.499,-81.792,0.37785,-7.721,0.38833,-7.6806
77.3,32.525,-80.722,0.32396,-7.8499,0.38833,-7.6806
77.4,35.422,-79.083,0.2563,-7.8194,0.38833,-7.6806
77.5,35.123,-81.134,0.4718,-7.7234,0.38833,-7.6806
77.6,33.645,-82.811,0.58743,-7.7338,0.38833,-7.6806
77.7,32.343,-82.885,0.52006,-7.7978,0.38833,-7.6806
77.8,31.66,-80.901,0.35732,-7.8595,0.38833,-7.6806
77.9,31.878,-80.214,0.19845,-7.8138,0.38833,-7.6806
78,33.49,-79.269,0.15148,-7.8542,0.38833,-7.6806
78.1,35.442,-79.364,0.24778,-7.8141,0.38833,-7.6806
78.2,35.336,-79.98,0.47086,-7.7513,0.38833,-7.6806
78.3,30.279,-80.912,0.59532,-7.6439,0.38833,-7.6806
78.4,31.624,-78.461,0.27553,-7.62,0.38833,-7.6806
78.5,32.068,-78.762,0.23341,-7.6247,0.38833,-7.6806
78.6,35.018,-80.23,0.24737,-7.6782,0.38833,-7.6806
78.7,31.36,-81.469,0.48054,-7.7997,0.38833,-7.6806
78.8,33.764,-79.071,0.25551,-7.7689,0.38833,-7.6806
78.9,35.389,-79.82,0.35097,-7.7142,0.38833,-7.6806
79,31.37,-81.577,0.55154,-7.7035,0.38833,-7.6806
79.1,34.087,-80.554,0.32396,-7.7142,0.38833,-7.6806
79.2,34.576,-80.185,0.43026,-7.782,0.38833,-7.6806
79.3,32.819,-81.256,0.50191,-7.693,0.38833,-7.6806
79.4,31.651,-81.331,0.42219,-7.7187,0.38833,-7.6806
79.5,32.776,-79.31,0.27698,-7.7821,0.38833,-7.6806
79.6,36.088,-78.253,0.27579,-7.722,0.38833,-7.6806
79.7,33.251,-82.229,0.56887,-7.625,0.38833,-7.6806
79.8,34.118,-83.683,0.51415,-7.7431,0.38833,-7.6806
79.9,35.25,-83.228,0.51914,-7.9199,0.38833,-7.6806
80,56.676,-87.309,0.5568,-7.9096,6.6193,-8.4383
80.1,64.523,-101.25,2.3504,-8.2203,6.6193,-8.4383
80.2,70.1,-112.99,3.8004,-8.2408,6.6193,-8.4383
80.3,66.407,-123.25,4.9853,-8.2554,6.6193,-8.4383
80.4,73.13,-125.91,5.2725,-8.3223,6.6193,-8.4383
80.5,67.737,-131.32,5.9508,-8.3642,6.6193,-8.4383
80.6,70.118,-130.73,5.8331,-8.3704,6.6193,-8.4383
80.7,70.803,-132.78,5.9685,-8.4002,6.6193,-8.4383
80.8,74.076,-133.95,6.0835,-8.4858,6.6193,-8.4383
80.9,71.083,-134.83,6.3837,-8.521,6.6193,-8.4383
81,74.703,-136.59,6.276,-8.4008,6.6193,-8.4383
81.1,71.041,-137.97,6.5607,-8.5969,6.6193,-8.4383
81.2,72.365,-135.69,6.3366,-8.5571,6.6193,-8.4383
81.3,77.028,-135.78,6.3462,-8.5095,6.6193,-8.4383
81.4,72.559,-137.42,6.7523,-8.5024,6.6193,-8.4383
81.5,76.535,-137.87,6.5899,-8.3681,6.6193,-8.4383
81.6,70.213,-139.14,6.8811,-8.4899,6.6193,-8.4383
81.7,71.378,-135.7,6.4651,-8.4234,6.6193,-8.4383
81.8,73.02,-135.6,6.3737,-8.4027,6.6193,-8.4383
81.9,75.604,-135.31,6.4702,-8.4512,6.6193,-8.4383
82,78.516,-137.8,6.7164,-8.3719,6.6193,-8.4383
82.1,77.543,-142.09,7.1074,-8.4012,6.6193,-8.4383
82.2,75.103,-140.66,7.2143,-8.5018,6.6193,-8.4383
82.3,71.488,-140.72,7.0333,-8.3305,6.6193,-8.4383
82.4,71.233,-139.14,6.6998,-8.4256,6.6193,-8.4383
82.5,71.598,-137.28,6.4792,-8.5315,6.6193,-8.4383
82.6,74.175,-134.5,6.3632,-8.5427,6.6193,-8.4383
82.7,72.99,-136.87,6.5141,-8.3912,6.6193,-8.4383
82.8,71.156,-137.12,6.5423,-8.4608,6.6193,-8.4383
82.9,73.28,-135.43,6.3818,-8.4748,6.6193,-8.4383
83,69.676,-134.5,6.4719,-8.4439,6.6193,-8.4383
83.1,73.123,-134.8,6.2296,-8.3022,6.6193,-8.4383
83.2,75.21,-135.44,6.4392,-8.4627,6.6193,-8.4383
83.3,75.595,-137.43,6.6644,-8.4044,6.6193,-8.4383
83.4,74.31,-138.67,6.829,-8.4098,6.6193,-8.4383
83.5,72.141,-139.8,6.804,-8.4047,6.6193,-8.4383
83.6,75.975,-138.37,6.6137,-8.5138,6.6193,-8.4383
83.7,73.637,-138.3,6.7987,-8.5407,6.6193,-8.4383
83.8,73.668,-137.78,6.6898,-8.4173,6.6193,-8.4383
83.9,70.49,-137.62,6.6782,-8.4246,6.6193,-8.4383
84,70.674,-136.11,6.4073,-8.4206,6.6193,-8.4383
84.1,74.31,-135.91,6.2873,-8.4743,6.6193,-8.4383
84.2,75.615,-136.88,6.5096,-8.5458,6.6193,-8.4383
84.3,72.921,-138.94,6.7059,-8.4918,6.6193,-8.4383
84.4,72.173,-138.72,6.5999,-8.5226,6.6193,-8.4383
84.5,74.305,-137.02,6.4745,-8.5798,6.6193,-8.4383
84.6,74.809,-136.51,6.5687,-8.5321,6.6193,-8.4383
84.7,70.515,-136.77,6.6736,-8.4192,6.6193,-8.4383
84.8,74.856,-134.81,6.4088,-8.3525,6.6193,-8.4383
84.9,74.187,-137.92,6.6562,-8.3533,6.6193,-8.4383
85,73.882,-136.87,6.7254,-8.4469,6.6193,-8.4383
85.1,72.526,-136.81,6.704,-8.3313,6.6193,-8.4383
85.2,70.137,-136.02,6.6194,-8.3204,6.6193,-8.4383
85.3,70.575,-134.52,6.3829,-8.3086,6.6193,-8.4383
85.4,70.532,-132.97,6.3038,-8.3396,6.6193,-8.4383
85.5,70.536,-134.08,6.2502,-8.2689,6.6193,-8.4383
85.6,73.66,-133.33,6.2468,-8.384,6.6193,-8.4383
85.7,74.409,-132.37,6.4653,-8.3442,6.6193,-8.4383
85.8,74.937,-135.41,6.6505,-8.1128,6.6193,-8.4383
85.9,71.702,-138.05,6.864,-8.2018,6.6193,-8.4383
86,70.107,-137.22,6.6748,-8.2943,6.6193,-8.4383
86.1,72.729,-134.74,6.4169,-8.3666,6.6193,-8.4383
86.2,73.578,-136.5,6.4799,-8.3451,6.6193,-8.4383
86.3,74.821,-136.91,6.5888,-8.445,6.6193,-8.4383
86.4,71.914,-137.9,6.7135,-8.4245,6.6193,-8.4383
86.5,70.563,-136.33,6.5428,-8.4203,6.6193,-8.4383
86.6,73.841,-135.25,6.3465,-8.4024,6.6193,-8.4383
86.7,73.62,-136.25,6.5244,-8.4396,6.6193,-8.4383
86.8,71.397,-136.98,6.5835,-8.4117,6.6193,-8.4383
86.9,74.759,-133.98,6.4387,-8.4277,6.6193,-8.4383
87,72.128,-137.47,6.6385,-8.2782,6.6193,-8.4383
87.1,72.374,-136.36,6.5711,-8.4088,6.6193,-8.4383
87.2,73.462,-136.65,6.5142,-8.3844,6.6193,-8.4383
87.3,72.701,-135.87,6.5836,-8.4413,6.6193,-8.4383
87.4,71.146,-136.99,6.5368,-8.3412,6.6193,-8.4383
87.5,75.162,-135.92,6.4179,-8.4473,6.6193,-8.4383
87.6,72.981,-136.85,6.6548,-8.456,6.6193,-8.4383
87.7,72.775,-137.78,6.591,-8.3777,6.6193,-8.4383
87.8,72.116,-137.24,6.5676,-8.4831,6.6193,-8.4383
87.9,74.356,-137.04,6.4666,-8.4721,6.6193,-8.4383
88,75.068,-139.36,6.6045,-8.5204,6.6193,-8.4383
88.1,75.378,-139.16,6.7169,-8.6297,6.6193,-8.4383
88.2,71.224,-140.34,6.763,-8.5576,6.6193,-8.4383
88.3,73.345,-137.01,6.4667,-8.6118,6.6193,-8.4383
88.4,72.957,-136.74,6.4747,-8.5426,6.6193,-8.4383
88.5,71.106,-136.76,6.4696,-8.5029,6.6193,-8.4383
88.6,73.45,-135.86,6.3271,-8.501,6.6193,-8.4383
88.7,73.511,-137.64,6.4497,-8.5206,6.6193,-8.4383
88.8,74.519,-138.37,6.5101,-8.5901,6.6193,-8.4383
88.9,76.701,-138.47,6.6009,-8.6218,6.6193,-8.4383
89,72.896,-140.58,6.8165,-8.5758,6.6193,-8.4383
89.1,71.953,-138.94,6.6259,-8.6,6.6193,-8.4383
89.2,73.275,-136.59,6.4439,-8.5943,6.6193,-8.4383
89.3,72.212,-137.88,6.4632,-8.5193,6.6193,-8.4383
89.4,74.183,-135.97,6.41,-8.6005,6.6193,-8.4383
89.5,75.186,-136.37,6.5192,-8.4921,6.6193,-8.4383
89.6,75.91,-137.39,6.693,-8.4342,6.6193,-8.4383
89.7,72.164,-138.71,6.8596,-8.3931,6.6193,-8.4383
89.8,75.312,-138.32,6.6474,-8.3852,6.6193,-8.4383
89.9,77.749,-137.97,6.8034,-8.4915,6.6193,-8.4383
90,10.405,-117.84,7.0483,-8.3785,-9.3086,-2.6149
90.1,-10.051,-63.511,1.642,-6.5321,-9.3086,-2.6149
90.2,-23.065,-24.916,-2.1633,-5.2966,-9.3086,-2.6149
90.3,-29.201,1.3166,-4.7484,-4.4084,-9.3086,-2.6149
90.4,-33.573,17.452,-6.2649,-3.7956,-9.3086,-2.6149
90.5,-39.795,27.612,-7.1879,-3.3583,-9.3086,-2.6149
90.6,-41.006,35.757,-8.0229,-3.0531,-9.3086,-2.6149
90.7,-39.873,40.429,-8.443,-2.879,-9.3086,-2.6149
90.8,-45.933,40.59,-8.5034,-2.7405,-9.3086,-2.6149
90.9,-44.68,43.136,-8.989,-2.7432,-9.3086,-2.6149
91,-42.936,46.825,-9.1311,-2.8544,-9.3086,-2.6149
91.1,-46.904,46.359,-9.0953,-2.6626,-9.3086,-2.6149
91.2,-46.33,46.725,-9.3419,-2.6442,-9.3086,-2.6149
91.3,-46.146,47.969,-9.4125,-2.7738,-9.3086,-2.6149
91.4,-44.784,48.596,-9.4758,-2.7402,-9.3086,-2.6149
91.5,-44.877,49.155,-9.3841,-2.7244,-9.3086,-2.6149
91.6,-42.607,49.527,-9.3403,-2.6148,-9.3086,-2.6149
91.7,-45.688,48.575,-9.0943,-2.536,-9.3086,-2.6149
91.8,-47.103,48.961,-9.1989,-2.4384,-9.3086,-2.6149
91.9,-47.091,48.148,-9.3364,-2.4588,-9.3086,-2.6149
92,-42.362,48.828,-9.4114,-2.6204,-9.3086,-2.6149
92.1,-41.28,47.119,-9.1118,-2.6419,-9.3086,-2.6149
92.2,-45.031,44.643,-8.8784,-2.5887,-9.3086,-2.6149
92.3,-45.282,46.171,-9.0533,-2.6298,-9.3086,-2.6149
92.4,-45.119,47.883,-9.1758,-2.6262,-9.3086,-2.6149
92.5,-46.867,48.242,-9.2228,-2.5651,-9.3086,-2.6149
92.6,-47.516,48.596,-9.3708,-2.556,-9.3086,-2.6149
92.7,-47.371,49.864,-9.496,-2.623,-9.3086,-2.6149
92.8,-47.421,48.815,-9.5694,-2.6126,-9.3086,-2.6149
92.9,-46.865,48.827,-9.607,-2.746,-9.3086,-2.6149
93,-48.23,49.077,-9.6241,-2.7931,-9.3086,-2.6149
93.1,-44.969,49.396,-9.7611,-2.7919,-9.3086,-2.6149
93.2,-46.095,49.191,-9.5602,-2.8559,-9.3086,-2.6149
93.3,-47.145,51.313,-9.5732,-2.751,-9.3086,-2.6149
93.4,-41.906,52.25,-9.6319,-2.566,-9.3086,-2.6149
93.5,-46.682,48.151,-9.1672,-2.4953,-9.3086,-2.6149
93.6,-44.427,48.199,-9.3044,-2.5146,-9.3086,-2.6149
93.7,-44.786,47.107,-9.1936,-2.6047,-9.3086,-2.6149
93.8,-47.626,49.533,-9.1972,-2.6373,-9.3086,-2.6149
93.9,-45.764,52.47,-9.4445,-2.4448,-9.3086,-2.6149
94,-43.839,50.015,-9.3516,-2.3322,-9.3086,-2.6149
94.1,-43.918,48.043,-9.1084,-2.4542,-9.3086,-2.6149
94.2,-45.273,47.249,-9.0327,-2.4776,-9.3086,-2.6149
94.3,-42.022,48.769,-9.1143,-2.4972,-9.3086,-2.6149
94.4,-46.402,47.142,-8.8932,-2.4289,-9.3086,-2.6149
94.5,-46.281,48.107,-9.1212,-2.4053,-9.3086,-2.6149
94.6,-42.93,49.036,-9.2184,-2.4722,-9.3086,-2.6149
94.7,-42.67,47.77,-9.0124,-2.4713,-9.3086,-2.6149
94.8,-46.563,45.619,-8.8868,-2.4396,-9.3086,-2.6149
94.9,-46.954,47.951,-9.1349,-2.5288,-9.3086,-2.6149
95,-43.853,50.504,-9.3217,-2.5156,-9.3086,-2.6149
95.1,-46.694,50.362,-9.1552,-2.4259,-9.3086,-2.6149
95.2,-47.123,51.345,-9.2764,-2.3118,-9.3086,-2.6149
95.3,-46.639,48.993,-9.3352,-2.2909,-9.3086,-2.6149
95.4,-47.505,48.14,-9.3179,-2.5207,-9.3086,-2.6149
95.5,-47.397,49.827,-9.4569,-2.6196,-9.3086,-2.6149
95.6,-44.065,49.997,-9.5506,-2.5892,-9.3086,-2.6149
95.7,-47.32,48.376,-9.3123,-2.6318,-9.3086,-2.6149
95.8,-46.543,49.581,-9.4755,-2.6156,-9.3086,-2.6149
95.9,-45.148,49.157,-9.4881,-2.6212,-9.3086,-2.6149
96,-45.754,46.797,-9.381,-2.6655,-9.3086,-2.6149
96.1,-45.599,47.885,-9.3917,-2.7974,-9.3086,-2.6149
96.2,-43.844,49.408,-9.428,-2.7375,-9.3086,-2.6149
96.3,-49.23,47.466,-9.2813,-2.6251,-9.3086,-2.6149
96.4,-47.66,48.622,-9.6155,-2.6692,-9.3086,-2.6149
96.5,-45.22,50.208,-9.6688,-2.8024,-9.3086,-2.6149
96.6,-44.124,49.727,-9.5379,-2.7295,-9.3086,-2.6149
96.7,-46.935,48.546,-9.3572,-2.6701,-9.3086,-2.6149
96.8,-44.123,49.139,-9.4789,-2.6379,-9.3086,-2.6149
96.9,-46.27,47.827,-9.2972,-2.6638,-9.3086,-2.6149
97,-43.943,49.678,-9.3916,-2.6566,-9.3086,-2.6149
97.1,-48.857,47.532,-9.2444,-2.5647,-9.3086,-2.6149
97.2,-47.161,49.734,-9.5461,-2.6289,-9.3086,-2.6149
97.3,-43.642,48.994,-9.5792,-2.6575,-9.3086,-2.6149
97.4,-43.883,48.143,-9.3144,-2.7455,-9.3086,-2.6149
97.5,-50.159,47.158,-9.23,-2.656,-9.3086,-2.6149
97.6,-47.837,49.403,-9.6766,-2.6661,-9.3086,-2.6149
97.7,-48.23,51.42,-9.7131,-2.7776,-9.3086,-2.6149
97.8,-48.703,52.493,-9.8009,-2.6544,-9.3086,-2.6149
97.9,-46.29,50.678,-9.8435,-2.6023,-9.3086,-2.6149
98,-43.511,51.033,-9.6483,-2.7715,-9.3086,-2.6149
98.1,-47.794,50.026,-9.3761,-2.6424,-9.3086,-2.6149
98.2,-42.648,49.043,-9.5502,-2.5232,-9.3086,-2.6149
98.3,-42.211,46.34,-9.1732,-2.699,-9.3086,-2.6149
98.4,-44.506,46.799,-9.0052,-2.7036,-9.3086,-2.6149
98.5,-43.937,46.618,-9.1118,-2.5553,-9.3086,-2.6149
98.6,-46.175,47.618,-9.0695,-2.6151,-9.3086,-2.6149
98.7,-46.803,48.31,-9.2529,-2.5148,-9.3086,-2.6149
98.8,-45.476,50.61,-9.3641,-2.5615,-9.3086,-2.6149
98.9,-46.34,49.811,-9.3258,-2.453,-9.3086,-2.6149
99,-48.004,50.864,-9.3421,-2.4749,-9.3086,-2.6149
99.1,-44.25,50.502,-9.4952,-2.4025,-9.3086,-2.6149
99.2,-46.721,46.296,-9.238,-2.5211,-9.3086,-2.6149
99.3,-41.667,46.988,-9.3519,-2.7193,-9.3086,-2.6149
99.4,-43.514,43.556,-9.057,-2.7717,-9.3086,-2.6149
99.5,-43.983,44.716,-9.0783,-2.8695,-9.3086,-2.6149
99.6,-44.824,44.186,-9.1602,-2.8047,-9.3086,-2.6149
99.7,-46.294,46.638,-9.2496,-2.8914,-9.3086,-2.6149
99.8,-43.065,49.934,-9.4449,-2.7628,-9.3086,-2.6149
99.9,-47.521,47.935,-9.2338,-2.5972,-9.3086,-2.6149
100,-44.552,22.617,-9.441,-2.5942,-8.9308,-9.3274
